DATETIME,TEMP,DEWP,SLP,STP,VISIB,WDSP,MXSPD,GUST,MAX,MIN,PRCP,SNDP,RH
2022-01-01,12.555555555555557,10.944444444444446,102.7,0.5599999999999999,23.4914,0.8231040000000001,1.3889880000000001,,14.222222222222223,10.722222222222221,0.000508,,89.90666673507779
2022-01-02,14.166666666666668,10.444444444444443,102.28999999999999,0.16999999999999998,16.09,1.131768,1.697652,,16.0,11.77777777777778,0.0,,78.2892227761775
2022-01-03,17.666666666666664,12.888888888888891,101.84,99.75,8.5277,1.080324,1.80054,5.195844,22.11111111111111,12.000000000000002,0.0,,73.56474082515784
2022-01-04,18.111111111111107,13.611111111111112,101.57000000000001,99.5,10.297600000000001,1.440432,2.675088,6.4819439999999995,23.722222222222225,13.111111111111112,0.0,,74.98716968589399
2022-01-05,17.5,14.000000000000002,101.59,99.51,6.5969,1.337544,3.2924160000000002,6.996384,23.77777777777778,12.722222222222221,0.0,,79.92583164200444
2022-01-06,18.277777777777782,14.055555555555555,101.88,99.8,11.5848,1.9034280000000001,4.4756279999999995,9.568584000000001,23.77777777777778,13.611111111111112,0.000254,,76.38019728057156
2022-01-07,13.388888888888891,10.777777777777777,102.17999999999999,0.06999999999999999,18.6644,1.697652,2.7779760000000002,9.568584000000001,23.388888888888886,12.388888888888888,0.000762,,84.19862779684428
2022-01-08,11.77777777777778,10.055555555555557,102.22999999999999,0.1,21.238799999999998,1.234656,1.80054,4.990068,14.222222222222223,11.11111111111111,0.001016,,89.18276727275119
2022-01-09,12.555555555555557,8.555555555555555,101.91,99.78999999999999,24.9395,1.491876,2.5207560000000004,5.092956,14.27777777777778,10.999999999999998,0.0,,76.59300799037106
2022-01-10,12.5,10.222222222222221,102.17,0.05,17.5381,1.02888,1.697652,5.813172000000001,15.111111111111112,10.999999999999998,0.0,,85.99458914017141
2022-01-11,14.722222222222223,7.888888888888891,102.17999999999999,0.06,20.917,1.440432,1.80054,6.276167999999999,17.72222222222222,11.222222222222225,0.0,,63.576439823539324
2022-01-12,13.499999999999998,8.555555555555555,102.16,0.04,14.8028,1.697652,3.395304,6.276167999999999,17.72222222222222,11.61111111111111,0.0,,72.00637857040533
2022-01-13,13.722222222222225,9.27777777777778,102.19,0.06999999999999999,9.1713,1.183212,1.697652,,15.5,12.11111111111111,0.0,,74.51966207910782
2022-01-14,14.722222222222223,10.833333333333334,101.7,99.6,4.6661,1.54332,2.5207560000000004,6.17328,15.722222222222221,12.11111111111111,0.0,,77.50875352724356
2022-01-15,15.888888888888891,13.666666666666668,101.76,99.67,2.8962,0.977436,2.7779760000000002,6.17328,17.27777777777778,13.499999999999998,0.000762,,86.64624091357882
2022-01-16,12.000000000000002,11.222222222222225,102.35,0.22000000000000003,5.7924,1.2861,1.491876,6.070392000000001,17.27777777777778,11.11111111111111,0.043179999999999996,,94.98794985173811
2022-01-17,11.77777777777778,8.777777777777777,102.5,0.36,16.09,1.337544,2.006316,7.099272000000001,16.500000000000004,8.222222222222221,0.001524,,81.83780056040838
2022-01-18,12.277777777777779,8.055555555555555,102.32000000000001,0.19,14.1592,1.440432,2.7779760000000002,6.018948,19.61111111111111,8.111111111111112,0.0,,75.40136138152069
2022-01-19,13.555555555555555,10.055555555555557,101.92,99.81,9.3322,1.183212,1.594764,,19.61111111111111,8.222222222222221,0.000254,,79.37008519480062
2022-01-20,14.000000000000002,10.833333333333334,101.69,99.58,8.688600000000001,1.749096,2.7779760000000002,6.6877200000000006,19.388888888888893,9.27777777777778,0.001778,,81.21704624332962
2022-01-21,13.944444444444446,12.5,101.53,99.42999999999999,3.218,1.337544,1.9034280000000001,6.6877200000000006,15.611111111111112,12.277777777777779,0.00127,,91.00094860939139
2022-01-22,15.722222222222221,14.944444444444445,101.02000000000001,98.94,1.7699,0.77166,1.2861,,16.77777777777778,13.499999999999998,0.00127,,95.12752231337213
2022-01-23,18.055555555555557,15.888888888888891,101.06,98.99,6.2751,0.977436,1.697652,,23.000000000000004,14.000000000000002,0.0,,87.16144574459092
2022-01-24,15.5,12.833333333333334,101.46000000000001,99.38,19.308,1.749096,2.983752,7.099272000000001,23.000000000000004,12.611111111111112,0.0,,84.12872263216744
2022-01-25,14.38888888888889,11.88888888888889,101.52000000000001,99.42,13.354700000000001,1.697652,2.3149800000000003,6.5848320000000005,17.5,12.611111111111112,0.0,,84.93188763508202
2022-01-26,16.444444444444446,14.38888888888889,101.32000000000001,99.24,4.505199999999999,1.234656,1.80054,5.710284,20.500000000000004,13.222222222222221,0.0,,87.64002110835412
2022-01-27,18.77777777777778,16.444444444444446,101.4,99.33,8.688600000000001,1.3889880000000001,2.3149800000000003,6.4819439999999995,21.500000000000004,14.722222222222223,0.000508,,86.30738026335982
2022-01-28,13.111111111111112,10.277777777777779,101.67999999999999,99.59,27.031200000000002,2.160648,3.60108,7.7166,21.38888888888889,10.111111111111112,0.0,,82.92784739104181
2022-01-29,10.444444444444443,7.666666666666665,101.97,99.83,26.5485,1.2861,1.80054,4.990068,16.61111111111111,9.11111111111111,0.000762,,82.912536598399
2022-01-30,11.166666666666668,6.333333333333333,102.0,99.86,22.8478,1.80054,2.6236439999999996,6.018948,14.38888888888889,8.722222222222225,0.000762,,72.1185787440557
2022-01-31,10.388888888888891,6.055555555555555,102.22999999999999,0.08,20.917,1.234656,1.491876,5.092956,14.38888888888889,8.38888888888889,0.000762,,74.50749476577703
2022-02-01,10.0,5.166666666666665,102.19,0.04,21.5606,1.491876,2.4178680000000004,5.40162,12.222222222222223,8.222222222222221,0.000254,,71.89932204715602
2022-02-02,9.666666666666666,6.388888888888889,102.38,0.22999999999999998,25.1004,1.080324,1.594764,,11.61111111111111,7.777777777777779,0.000762,,80.01737196301725
2022-02-03,11.11111111111111,6.277777777777777,102.22,0.09,27.8357,1.183212,2.5207560000000004,5.6073960000000005,15.777777777777779,8.0,0.0,,72.10819185846854
2022-02-04,12.11111111111111,6.722222222222223,102.47,0.32999999999999996,18.5035,1.131768,1.491876,5.813172000000001,15.777777777777779,8.61111111111111,0.0,,69.59220402602625
2022-02-05,11.944444444444445,6.222222222222224,102.3,0.16999999999999998,16.7336,1.594764,2.675088,7.407936,15.222222222222221,10.0,0.004318,,67.97951288205468
2022-02-06,10.944444444444446,9.27777777777778,101.81,99.67,7.8841,1.697652,3.498192,8.48826,15.222222222222221,10.111111111111112,0.01016,,89.44965508723084
2022-02-07,13.666666666666668,10.88888888888889,101.7,99.59,17.377200000000002,1.594764,2.880864,6.6877200000000006,16.61111111111111,10.388888888888891,0.001778,,83.30244530575122
2022-02-08,10.88888888888889,7.888888888888891,102.05,99.92,26.3876,1.851984,2.675088,6.6877200000000006,16.61111111111111,8.61111111111111,0.0,,81.72236547429698
2022-02-09,10.166666666666666,5.88888888888889,102.11,99.96000000000001,27.996599999999997,1.594764,2.675088,5.91606,12.5,8.222222222222221,0.0,,74.75556232741923
2022-02-10,10.666666666666668,7.777777777777779,101.66,99.53,18.9862,1.697652,3.395304,6.070392000000001,12.000000000000002,8.277777777777777,0.0,,82.31451041187813
2022-02-11,11.88888888888889,9.61111111111111,101.84,99.72,16.09,1.131768,1.80054,5.40162,13.777777777777777,9.222222222222223,0.0,,85.9321608586399
2022-02-12,11.11111111111111,10.0,101.8,99.67999999999999,7.4014,1.234656,2.006316,,13.777777777777777,10.5,0.002286,,92.86074263106791
2022-02-13,11.61111111111111,9.27777777777778,101.97,99.84,18.5035,1.183212,1.594764,,15.611111111111112,10.388888888888891,0.00127,,85.58295735098113
2022-02-14,13.222222222222221,8.499999999999998,101.88,99.76,24.456799999999998,1.2861,2.1092039999999996,5.91606,15.611111111111112,10.388888888888891,0.0,,73.04723959286086
2022-02-15,14.38888888888889,10.611111111111112,101.69,99.59,15.446399999999999,1.54332,2.6236439999999996,6.5848320000000005,17.611111111111114,10.777777777777777,0.0,,78.03314419364517
2022-02-16,15.277777777777779,12.944444444444443,101.12,99.03999999999999,19.9516,1.183212,2.006316,5.6073960000000005,17.611111111111114,12.277777777777779,0.0,,85.96038278392415
2022-02-17,17.944444444444443,15.111111111111112,100.94,98.88,21.3997,1.80054,2.983752,9.105588,20.611111111111107,13.777777777777777,0.0,,83.5015902649009
2022-02-18,13.277777777777777,11.500000000000002,101.63,99.53,22.8478,1.6462080000000001,2.006316,,20.611111111111107,10.722222222222221,0.006858,,88.97457709096378
2022-02-19,8.777777777777777,5.944444444444446,102.47999999999999,0.32999999999999996,15.285499999999999,1.2861,2.006316,5.195844,15.722222222222221,6.500000000000002,0.008128,,82.38863950838513
2022-02-20,6.611111111111111,5.222222222222221,102.67999999999999,0.5,4.1834,1.131768,2.006316,,10.777777777777777,5.777777777777778,0.010667999999999999,,90.84069255996091
2022-02-21,7.611111111111113,5.555555555555555,102.71,0.54,13.998299999999999,1.183212,2.006316,,9.11111111111111,5.6111111111111125,0.000508,,86.81269584335844
2022-02-22,6.888888888888888,5.7222222222222205,103.02000000000001,0.8300000000000001,10.4585,1.02888,1.080324,,9.11111111111111,4.222222222222223,0.003302,,92.2708824545406
2022-02-23,9.166666666666668,2.8888888888888906,103.00999999999999,0.8400000000000001,26.709400000000002,1.594764,2.983752,,13.0,3.222222222222221,0.0,,64.79882280669551
2022-02-24,10.222222222222221,4.666666666666666,102.84,0.6799999999999999,21.8824,0.977436,1.080324,,13.0,3.611111111111111,0.0,,68.41141671208126
2022-02-25,12.166666666666666,6.833333333333332,102.39,0.25,14.8028,1.234656,2.2120919999999997,,14.777777777777779,7.888888888888891,0.0,,69.86934639903836
2022-02-26,14.166666666666668,9.444444444444445,102.35,0.22999999999999998,9.8149,1.337544,2.006316,,17.611111111111114,9.222222222222223,0.0,,73.21687041875144
2022-02-27,14.944444444444445,10.88888888888889,101.64,99.53999999999999,5.4706,1.131768,2.006316,,21.999999999999996,10.999999999999998,0.0,,76.68899374370044
2022-02-28,18.61111111111111,13.777777777777777,101.39,99.31,4.3443000000000005,1.491876,2.006316,,24.777777777777775,10.111111111111112,0.0,,73.46317468952897
2022-03-01,18.333333333333336,15.611111111111112,101.81,99.74,4.1834,1.080324,2.006316,,24.777777777777775,10.277777777777779,0.0,,84.14382407112197
2022-03-02,18.833333333333336,14.777777777777779,101.52000000000001,99.46000000000001,7.5623000000000005,1.491876,2.006316,,23.277777777777782,14.722222222222223,0.0,,77.29504051466013
2022-03-03,21.11111111111111,16.27777777777778,101.08,99.03,8.688600000000001,2.1092039999999996,4.012632,,28.277777777777782,13.722222222222225,0.0,,73.89443936434884
2022-03-04,22.888888888888893,17.333333333333336,101.03999999999999,99.01,11.906600000000001,1.851984,4.012632,,28.722222222222225,13.88888888888889,0.0,,70.8914681925428
2022-03-05,21.888888888888893,18.5,101.01,98.97999999999999,13.515600000000001,1.851984,2.983752,,28.722222222222225,16.0,0.0,,81.08233910739594
2022-03-06,21.333333333333336,18.722222222222225,101.42999999999999,99.39,9.010399999999999,1.749096,2.983752,,26.27777777777778,17.38888888888889,0.012954,,85.06302562029077
2022-03-07,19.388888888888893,13.611111111111112,101.89,99.82000000000001,15.446399999999999,1.3889880000000001,2.006316,5.298732,26.777777777777782,13.611111111111112,0.0,,69.22605738602155
2022-03-08,20.833333333333336,10.277777777777779,101.27000000000001,99.22,24.6177,2.6236439999999996,4.012632,8.796924,26.777777777777782,13.0,0.0,,50.81213664896475
2022-03-09,21.555555555555554,12.000000000000002,101.22,99.17,27.192099999999996,2.9323080000000004,4.990068,11.009015999999999,26.72222222222222,13.388888888888891,0.0,,54.49262774803494
2022-03-10,19.27777777777778,16.27777777777778,101.35,99.28999999999999,12.3893,1.3889880000000001,2.006316,,26.11111111111111,16.38888888888889,0.0,,82.77128832189199
2022-03-11,22.44444444444445,17.22222222222222,101.05,99.01,18.3426,2.1092039999999996,2.983752,6.893496000000001,25.388888888888893,17.77777777777778,0.0,,72.32087566103024
2022-03-12,22.277777777777775,18.000000000000004,100.97,98.94,12.3893,2.675088,4.990068,6.6877200000000006,25.388888888888893,18.61111111111111,0.0,,76.73381662492838
2022-03-13,24.055555555555554,18.722222222222225,100.94,98.91,14.963700000000001,2.006316,2.983752,6.5848320000000005,28.277777777777782,21.0,0.0,,72.10278032444722
2022-03-14,23.444444444444446,19.444444444444446,101.09,99.07000000000001,9.4931,1.54332,2.983752,,28.277777777777782,20.0,0.0,,78.25523630069185
2022-03-15,24.88888888888889,19.000000000000004,100.82000000000001,98.81,10.7803,2.160648,3.8068560000000002,9.568584000000001,29.388888888888893,19.61111111111111,0.0,,69.79234624132853
2022-03-16,25.388888888888893,19.055555555555554,100.47999999999999,98.47999999999999,14.8028,2.1092039999999996,2.983752,8.282484,30.388888888888893,20.0,0.0,,67.97786893329774
2022-03-17,24.333333333333332,19.111111111111114,100.77000000000001,98.76,12.228399999999999,2.1092039999999996,2.983752,12.398004,30.388888888888893,18.5,0.010414,,72.65430523715678
2022-03-18,24.166666666666668,18.944444444444443,100.75,98.72999999999999,16.4118,1.9034280000000001,4.012632,12.398004,30.388888888888893,17.888888888888893,0.0,,72.62511028786452
2022-03-19,26.999999999999996,20.444444444444443,100.37,98.37,9.3322,2.675088,4.012632,7.870932000000001,31.500000000000004,18.77777777777778,0.0,,67.36382941453981
2022-03-20,26.500000000000004,20.555555555555557,100.42999999999999,98.44,14.1592,3.08664,5.6073960000000005,11.780676,31.500000000000004,21.72222222222222,0.0,,69.85513876940534
2022-03-21,27.666666666666668,21.0,100.47999999999999,98.5,15.607299999999999,2.1092039999999996,4.012632,11.369124000000001,34.27777777777778,22.722222222222225,0.0,,67.03680232729229
2022-03-22,18.388888888888886,15.111111111111112,101.45,99.4,16.5727,2.366424,4.012632,5.6073960000000005,34.27777777777778,13.722222222222225,0.010414,,81.20173425275321
2022-03-23,16.0,13.555555555555555,101.62,99.53,16.7336,1.491876,2.006316,5.6073960000000005,23.5,13.722222222222225,0.00508,,85.41308973923924
2022-03-24,15.722222222222221,14.166666666666668,100.87,98.78999999999999,11.263,1.337544,2.006316,6.276167999999999,19.499999999999996,13.499999999999998,0.0048259999999999996,,90.4651698996662
2022-03-25,22.555555555555554,19.166666666666668,100.42999999999999,98.4,11.4239,1.080324,2.006316,,30.111111111111114,13.777777777777777,0.0,,81.16803806882318
2022-03-26,23.77777777777778,17.0,101.1,99.07000000000001,24.9395,2.5207560000000004,4.990068,,31.0,17.0,0.0,,65.78068287880215
2022-03-27,18.5,13.16666666666667,101.84,99.77000000000001,29.927400000000002,1.440432,2.983752,6.6877200000000006,31.0,15.777777777777779,0.001016,,71.08862927716874
2022-03-28,20.222222222222225,12.333333333333336,101.55,99.49,25.5831,1.2861,2.006316,5.710284,25.27777777777778,15.277777777777779,0.000254,,60.46581024037597
2022-03-29,19.000000000000004,15.611111111111112,101.33,99.27000000000001,17.698999999999998,1.337544,2.983752,5.710284,25.27777777777778,16.0,0.0,,80.70443463363704
2022-03-30,21.05555555555556,18.722222222222225,101.39,99.33,7.5623000000000005,1.337544,4.012632,8.385372,22.888888888888893,17.11111111111111,0.000254,,86.52652924404349
2022-03-31,19.166666666666668,17.5,102.03,99.96000000000001,20.7561,1.080324,1.80054,6.018948,22.888888888888893,17.0,0.001524,,90.06831820378433
2022-04-01,16.77777777777778,10.88888888888889,102.75999999999999,0.6599999999999999,28.3184,1.851984,2.983752,8.48826,22.38888888888889,13.0,0.001016,,68.20323875577502
2022-04-02,15.111111111111112,10.222222222222221,102.75999999999999,0.65,27.996599999999997,1.54332,2.006316,6.379056,20.111111111111114,10.611111111111112,0.000508,,72.57260798341153
2022-04-03,17.22222222222222,8.38888888888889,102.26,0.16999999999999998,27.353,1.749096,2.983752,7.407936,25.388888888888893,10.222222222222221,0.0,,56.06120715591442
2022-04-04,20.222222222222225,8.833333333333332,102.03999999999999,99.97,25.744,2.006316,4.012632,7.305047999999999,26.999999999999996,10.222222222222221,0.0,,47.88494468426648
2022-04-05,21.944444444444446,13.16666666666667,101.99,99.92999999999999,27.8357,1.131768,1.697652,6.893496000000001,27.222222222222225,13.222222222222221,0.0,,57.44507103438167
2022-04-06,22.16666666666667,13.222222222222221,101.91,99.86,27.8357,1.440432,3.60108,6.070392000000001,27.722222222222225,16.0,0.0,,56.877417043979484
2022-04-07,22.888888888888893,12.333333333333336,101.7,99.66,29.6056,1.6462080000000001,4.012632,7.7166,31.888888888888893,15.388888888888891,0.0,,51.35474396378269
2022-04-08,23.22222222222222,11.222222222222225,101.34,99.31,23.1696,1.183212,2.983752,5.298732,32.111111111111114,14.722222222222223,0.0,,46.76851411926194
2022-04-09,24.277777777777782,15.111111111111112,100.99,98.97,14.963700000000001,2.160648,4.012632,,32.111111111111114,16.500000000000004,0.002286,,56.57848909094149
2022-04-10,23.88888888888889,15.277777777777779,100.97,98.95,18.020799999999998,1.6462080000000001,2.983752,,31.111111111111114,17.5,0.0,,58.54018649848081
2022-04-11,25.833333333333336,16.77777777777778,100.7,98.69,16.250899999999998,1.851984,4.012632,8.48826,31.111111111111114,18.5,0.0,,57.360960776638926
2022-04-12,23.388888888888886,19.000000000000004,100.58,98.57000000000001,12.872,1.851984,2.983752,11.883564000000002,31.111111111111114,18.77777777777778,0.003556,,76.3727375706138
2022-04-13,23.944444444444443,17.77777777777778,100.76,98.72999999999999,27.353,1.337544,2.006316,,30.388888888888893,18.722222222222225,0.0,,68.40610140877634
2022-04-14,27.666666666666668,18.388888888888886,100.53999999999999,98.53999999999999,27.996599999999997,2.7265319999999997,4.990068,11.780676,32.0,19.111111111111114,0.0,,57.00015465688806
2022-04-15,24.61111111111111,19.388888888888893,100.72999999999999,98.72999999999999,13.1938,3.1380839999999997,4.012632,9.568584000000001,32.0,17.5,0.006096,,72.70286732199438
2022-04-16,17.888888888888893,11.61111111111111,101.53999999999999,99.47999999999999,29.927400000000002,1.80054,2.1092039999999996,11.986452,28.388888888888886,16.27777777777778,0.005842,,66.69333111720634
2022-04-17,16.055555555555557,13.16666666666667,101.85,99.76,17.8599,1.594764,2.006316,,20.111111111111114,14.888888888888888,0.003302,,82.97916535190664
2022-04-18,18.77777777777778,14.11111111111111,101.99,99.91,18.9862,0.8231040000000001,0.977436,,23.277777777777782,14.888888888888888,0.00254,,74.29119888683617
2022-04-19,20.666666666666668,13.555555555555555,101.78,99.71000000000001,18.9862,1.234656,2.006316,,26.11111111111111,15.222222222222221,0.001016,,63.726104055634615
2022-04-20,20.888888888888886,16.333333333333332,101.31,99.26,13.837399999999999,1.183212,2.006316,,26.11111111111111,17.0,0.000762,,75.17703971784503
2022-04-21,22.833333333333332,17.611111111111114,100.97,98.94,13.354700000000001,1.594764,2.983752,,27.888888888888893,17.22222222222222,0.0,,72.38998297872567
2022-04-22,24.833333333333336,19.833333333333336,100.69,98.67999999999999,18.9862,2.006316,4.990068,,30.27777777777778,21.0,0.0,,73.75242097745036
2022-04-23,26.444444444444443,21.77777777777778,100.64,98.64,9.3322,1.6462080000000001,2.983752,,31.777777777777782,21.77777777777778,0.0,,75.54868431609422
2022-04-24,28.277777777777782,22.055555555555557,100.15,98.17,17.698999999999998,2.5722,4.990068,,36.27777777777778,23.388888888888886,0.0,,69.00806122647653
2022-04-26,30.27777777777778,23.055555555555557,100.26,98.3,12.7111,2.4178680000000004,4.012632,,36.22222222222223,24.61111111111111,0.0,,65.32375169682564
2022-04-27,31.833333333333332,23.277777777777782,100.35,98.38,14.963700000000001,2.983752,4.012632,,36.22222222222223,25.388888888888893,0.0,,60.58282701596175
2022-04-28,31.111111111111114,22.666666666666668,100.53999999999999,98.57000000000001,17.8599,2.675088,4.012632,,36.72222222222222,26.888888888888893,0.0,,60.82983735501442
2022-04-29,28.666666666666664,21.888888888888893,100.78,98.81,22.8478,2.4178680000000004,2.983752,,36.72222222222222,25.222222222222225,0.0,,66.78156258019375
2022-04-30,23.83333333333334,19.777777777777775,101.22999999999999,99.22,14.8028,2.006316,4.012632,,33.11111111111111,17.5,0.019812,,78.0419260581842
2022-05-01,18.944444444444443,12.555555555555557,101.9,99.84,28.6402,1.594764,2.983752,,33.00000000000001,15.111111111111112,0.000762,,66.4272967244118
2022-05-02,22.44444444444445,11.722222222222223,101.76,99.7,29.927400000000002,1.491876,2.006316,,27.5,15.111111111111112,0.0,,50.67740438243089
2022-05-03,19.66666666666667,13.444444444444446,101.72,99.67,22.8478,1.3889880000000001,2.983752,,29.722222222222225,16.61111111111111,0.0,,67.30584031954284
2022-05-04,21.999999999999996,13.16666666666667,101.34,99.31,29.927400000000002,1.234656,2.006316,,30.888888888888886,15.777777777777779,0.0,,57.250561312743564
2022-05-05,25.0,14.27777777777778,101.03999999999999,99.03,24.134999999999998,2.006316,4.012632,,31.72222222222222,18.111111111111107,0.0,,51.3478738636223
2022-05-06,23.388888888888886,18.444444444444446,101.11,99.09,12.228399999999999,1.697652,2.983752,,31.72222222222222,19.88888888888889,0.0,,73.76336603221436
2022-05-07,27.666666666666668,21.500000000000004,100.92999999999999,98.92,17.2163,2.263536,2.983752,,31.38888888888889,21.27777777777778,0.000254,,69.126238570563
2022-05-08,25.444444444444443,21.166666666666664,100.97,98.96000000000001,14.963700000000001,2.675088,4.012632,,31.38888888888889,22.722222222222225,0.000508,,77.21486457726543
2022-05-09,25.0,21.833333333333332,100.9,98.88,12.5502,2.006316,2.983752,,30.388888888888893,21.999999999999996,0.037846,,82.59259648861894
2022-05-10,26.666666666666668,21.38888888888889,100.6,98.61,24.134999999999998,1.491876,2.006316,,31.500000000000004,21.72222222222222,0.007873999999999999,,72.8101097484688
2022-05-11,23.83333333333334,22.277777777777775,100.53,98.53,12.872,1.183212,2.006316,,31.500000000000004,21.888888888888893,0.04572,,91.0101047820026
2022-05-12,23.77777777777778,20.833333333333336,100.58,98.57000000000001,19.468899999999998,1.2861,2.006316,,27.277777777777775,21.27777777777778,0.009398,,83.58399879374161
2022-05-13,22.555555555555554,20.611111111111107,100.7,98.67999999999999,23.0087,0.977436,0.977436,,27.277777777777775,20.72222222222222,0.017779999999999997,,88.77530318111592
2022-05-14,23.166666666666668,20.333333333333332,100.89,98.87,14.6419,1.80054,2.983752,,25.888888888888886,21.27777777777778,0.026416,,84.09067089706913
2022-05-15,20.555555555555557,16.944444444444446,101.49,99.44,29.7665,0.977436,2.006316,,25.888888888888886,18.61111111111111,0.00127,,79.77772402971216
2022-05-16,20.333333333333332,16.444444444444446,101.53999999999999,99.47999999999999,26.0658,0.977436,2.006316,,24.722222222222225,17.38888888888889,0.002286,,78.35047926005736
2022-05-17,23.166666666666668,15.944444444444446,101.3,99.26,29.927400000000002,1.131768,2.006316,,27.888888888888893,17.38888888888889,0.0,,63.81691446224424
2022-05-18,25.222222222222225,18.77777777777778,101.1,99.08,19.7907,2.006316,2.983752,,28.5,20.0,0.0,,67.47456082910318
2022-05-19,26.611111111111114,20.111111111111114,100.95,98.94,18.1817,2.006316,2.983752,,28.61111111111111,21.72222222222222,0.0,,67.51813341144415
2022-05-22,20.777777777777782,20.055555555555554,100.57000000000001,98.53,3.5398,0.8231040000000001,2.006316,,21.500000000000004,19.61111111111111,0.012192,,95.636633448716
2022-05-23,21.944444444444446,21.05555555555556,100.67,98.64,8.5277,0.617328,0.977436,,23.000000000000004,19.777777777777775,0.011684,,94.69946269118327
2022-05-24,23.5,21.666666666666668,100.9,98.87,12.067499999999999,0.8231040000000001,0.977436,,26.611111111111114,20.777777777777782,0.00254,,89.45667162089991
2022-05-25,24.444444444444446,23.277777777777782,100.56,98.55,13.0329,0.77166,0.977436,,28.22222222222222,21.611111111111114,0.032258,,93.21846353103321
2022-05-26,28.11111111111111,24.277777777777782,100.16,98.17999999999999,6.436,1.234656,2.006316,,32.72222222222223,22.888888888888893,0.019303999999999998,,79.71022490962852
2022-05-28,29.166666666666668,24.722222222222225,100.03999999999999,98.06,19.468899999999998,2.263536,2.983752,,31.500000000000004,24.777777777777775,0.004318,,76.99169679498078
2022-05-29,28.666666666666664,24.66666666666667,100.16,98.19,22.0433,2.006316,2.983752,,33.388888888888886,25.500000000000004,0.0,,78.99335086733377
2022-05-30,24.444444444444446,22.888888888888893,100.53999999999999,98.53999999999999,17.2163,0.977436,0.977436,,33.388888888888886,22.722222222222225,0.032512,,91.04928861829221
2022-05-31,27.38888888888889,23.5,100.39,98.39,22.3651,1.851984,2.983752,,31.500000000000004,22.611111111111114,0.01016,,79.3466315985358
2022-06-01,29.22222222222222,24.166666666666668,100.14,98.17,23.3305,1.594764,2.006316,,33.11111111111111,23.277777777777782,0.005333999999999999,,74.23149284563586
2022-06-02,30.055555555555554,24.61111111111111,99.9,97.92999999999999,20.917,1.491876,2.983752,,34.72222222222222,25.222222222222225,0.0,,72.65881583949557
2022-06-03,29.555555555555557,24.277777777777782,99.82000000000001,97.86,26.8703,2.006316,2.983752,,34.888888888888886,25.777777777777782,0.0,,73.30281912681151
2022-06-05,24.833333333333336,24.000000000000004,100.36,98.36,10.4585,0.977436,0.977436,,33.72222222222223,23.388888888888886,0.005588,,95.12747590318101
2022-06-07,29.94444444444445,22.5,100.35,98.37,29.4447,1.3889880000000001,2.006316,,34.27777777777778,23.61111111111111,0.002286,,64.37986010844357
2022-06-10,25.666666666666668,24.388888888888893,100.33,98.34,19.468899999999998,1.183212,2.006316,,33.88888888888889,24.88888888888889,0.007619999999999999,,92.6588595047879
2022-06-11,26.444444444444443,23.444444444444446,100.39,98.39,22.526,1.337544,2.006316,,30.222222222222225,24.388888888888893,0.0,,83.59995701893874
2022-06-13,25.666666666666668,23.666666666666664,100.61,98.61,19.9516,0.977436,0.977436,,32.77777777777778,23.722222222222225,0.023622,,88.72188718026055
2022-06-15,27.888888888888893,21.0,100.72,98.72999999999999,26.709400000000002,1.337544,2.006316,,32.611111111111114,22.277777777777775,0.0,,66.17145654223458
2022-06-16,27.16666666666667,24.166666666666668,100.41,98.42999999999999,16.09,0.977436,0.977436,,32.611111111111114,24.388888888888893,0.0048259999999999996,,83.68025156354021
2022-06-17,27.888888888888893,24.055555555555554,100.01,98.03999999999999,22.526,1.3889880000000001,2.983752,,33.611111111111114,24.722222222222225,0.000508,,79.68040355945308
2022-06-18,29.499999999999996,25.055555555555554,99.86,97.89,19.7907,1.491876,2.983752,,33.77777777777778,24.722222222222225,0.0,,77.04124950158958
2022-06-19,28.88888888888889,25.222222222222225,99.78,97.82000000000001,22.686899999999998,1.851984,2.983752,,34.72222222222222,25.61111111111111,0.00635,,80.61115876536367
2022-06-20,29.388888888888893,26.0,99.72,97.76,25.744,1.3889880000000001,2.006316,,34.72222222222222,25.61111111111111,0.0,,82.01516721685664
2022-06-21,29.388888888888893,25.388888888888893,99.91,97.95,25.9049,1.337544,2.006316,,33.277777777777786,26.38888888888889,0.0,,79.09261058346026
2022-06-23,29.444444444444446,25.111111111111114,100.57000000000001,98.59,13.354700000000001,1.337544,2.983752,,34.27777777777778,25.72222222222222,0.0,,77.5453217320926
2022-06-24,30.166666666666668,24.055555555555554,100.51,98.53999999999999,17.5381,2.2120919999999997,2.983752,,35.111111111111114,26.27777777777778,0.0,,69.83019685071179
2022-06-25,30.72222222222222,22.666666666666668,100.34,98.38,23.813200000000002,2.006316,4.012632,,35.111111111111114,25.61111111111111,0.0,,62.196592942546914
2022-06-26,30.888888888888886,23.444444444444446,100.38,98.42,24.134999999999998,2.82942,4.012632,,35.72222222222222,25.388888888888893,0.0,,64.57770688594334
2022-06-27,30.444444444444443,24.277777777777782,100.28,98.32000000000001,22.2042,2.006316,2.983752,,35.72222222222222,26.38888888888889,0.0,,69.64910231955832
2022-06-28,28.5,23.83333333333334,100.05,98.08,26.3876,2.2120919999999997,2.983752,,34.77777777777778,25.222222222222225,0.0,,75.87110663787388
2022-06-29,27.722222222222225,24.22222222222222,100.12,98.14,25.744,2.263536,4.012632,,33.72222222222223,25.222222222222225,0.0,,81.27002836010246
2022-06-30,27.555555555555554,24.166666666666668,100.32000000000001,98.35,22.8478,1.3889880000000001,2.006316,,34.111111111111114,25.111111111111114,0.00508,,81.79335593963356
2022-07-01,27.16666666666667,24.722222222222225,100.09,98.11,23.4914,1.491876,2.983752,,34.611111111111114,25.0,0.000254,,86.51325324813716
2022-07-02,29.277777777777782,23.61111111111111,99.77000000000001,97.81,27.8357,1.3889880000000001,2.006316,,36.77777777777778,25.111111111111114,0.001778,,71.56042619878879
2022-07-03,30.555555555555557,23.722222222222225,99.71000000000001,97.75,26.2267,2.006316,2.983752,,37.27777777777778,25.111111111111114,0.0,,66.9333022380232
2022-07-04,31.833333333333332,23.55555555555556,99.78999999999999,97.84,28.4793,1.491876,2.006316,,38.277777777777786,25.500000000000004,0.0,,61.60772155857913
2022-07-05,27.944444444444443,23.944444444444443,100.14,98.17,20.2734,2.006316,2.983752,,38.277777777777786,24.88888888888889,0.0,,78.89341792973765
2022-07-06,30.27777777777778,24.22222222222222,100.2,98.22,28.1575,1.3889880000000001,2.006316,,33.5,24.88888888888889,0.0,,70.08417098620333
2022-07-07,30.444444444444443,23.666666666666664,100.35,98.38,18.6644,2.006316,2.006316,,36.5,26.999999999999996,0.0,,67.13572360702788
2022-07-08,26.38888888888889,24.66666666666667,100.53999999999999,98.55,6.918699999999999,1.131768,2.006316,,36.5,25.61111111111111,0.012445999999999999,,90.26822565051714
2022-07-09,25.944444444444446,24.388888888888893,100.5,98.5,8.849499999999999,1.131768,2.006316,,28.11111111111111,24.61111111111111,0.007619999999999999,,91.14440614249187
2022-07-10,27.833333333333332,24.333333333333332,100.47,98.49,17.377200000000002,1.80054,4.012632,,35.0,24.61111111111111,0.0,,81.28392099547189
2022-07-11,30.555555555555557,24.111111111111114,100.47,98.5,20.917,2.263536,4.012632,,35.0,25.500000000000004,0.0,,68.5178939245449
2022-07-12,31.72222222222222,24.499999999999996,100.38,98.41,25.9049,2.82942,4.990068,,35.38888888888889,26.500000000000004,0.0,,65.61953705976913
2022-07-13,30.555555555555557,23.61111111111111,100.35,98.39,23.3305,2.160648,4.012632,,35.61111111111111,26.27777777777778,0.0,,66.48649813995189
2022-07-14,32.16666666666667,23.055555555555557,100.34,98.38,22.3651,2.3149800000000003,4.012632,,36.111111111111114,26.0,0.0,,58.65481356188155
2022-07-15,31.38888888888889,24.333333333333332,100.28999999999999,98.33,11.906600000000001,2.006316,4.012632,,36.111111111111114,25.777777777777782,0.0,,66.21057547497925
2022-07-16,33.05555555555556,24.722222222222225,100.17999999999999,98.22999999999999,10.297600000000001,2.160648,2.983752,,36.77777777777778,26.777777777777782,0.0,,61.67033636754963
2022-07-17,33.88888888888889,25.666666666666668,99.92999999999999,97.99,9.3322,2.5722,2.983752,,37.611111111111114,27.722222222222225,0.0,,62.261863486570455
2022-07-18,28.61111111111111,24.444444444444446,,98.03,7.5623000000000005,1.80054,2.006316,,37.611111111111114,26.0,0.005842,,78.20116176117683
2022-07-19,30.72222222222222,24.777777777777775,100.15,98.19,8.5277,2.3149800000000003,4.012632,,34.38888888888889,26.0,0.000762,,70.63363242760052
2022-07-20,27.944444444444443,23.83333333333334,100.72999999999999,98.75,7.4014,2.160648,2.983752,,34.77777777777778,25.27777777777778,0.0,,78.36764779670001
2022-07-21,29.111111111111114,24.055555555555554,100.97999999999999,98.97999999999999,7.5623000000000005,1.6462080000000001,2.006316,,34.77777777777778,25.27777777777778,0.00254,,74.21328990323907
2022-07-22,30.111111111111114,23.666666666666664,100.91,98.92999999999999,8.2059,2.2120919999999997,2.983752,,34.5,24.777777777777775,0.0,,68.43270380486803
2022-07-23,32.5,23.000000000000004,100.71000000000001,98.72999999999999,8.045,2.263536,2.983752,,36.38888888888889,25.222222222222225,0.0,,57.36614284464759
2022-07-24,33.5,23.55555555555556,100.47,98.5,7.4014,1.594764,2.983752,,36.88888888888889,25.72222222222222,0.0,,56.07901629778311
2022-07-25,33.5,23.5,100.53999999999999,98.58,6.7578000000000005,1.749096,2.983752,,38.11111111111111,25.888888888888886,0.0,,55.89133423546504
2022-07-26,31.555555555555557,23.61111111111111,100.42999999999999,98.47,5.9533000000000005,2.006316,4.012632,,38.11111111111111,26.222222222222225,0.0,,62.79778956123783
2022-07-29,29.499999999999996,23.277777777777782,100.45,98.47,9.3322,2.2120919999999997,4.012632,,35.61111111111111,24.499999999999996,0.0,,69.2398050247612
2022-08-01,30.166666666666668,22.5,100.42,98.46000000000001,19.7907,2.4178680000000004,6.018948,,36.77777777777778,25.222222222222225,0.0,,63.56250559082933
2022-08-03,32.94444444444444,22.944444444444443,100.32000000000001,98.37,22.2042,2.006316,2.983752,,38.00000000000001,25.888888888888886,0.0,,55.75821544242871
2022-08-05,28.77777777777778,24.499999999999996,100.2,98.22,22.686899999999998,2.006316,2.006316,,39.111111111111114,25.388888888888893,0.003302,,77.70614775298156
2022-08-09,29.166666666666668,22.44444444444445,100.3,98.33,26.0658,1.6462080000000001,2.983752,,36.22222222222223,25.388888888888893,0.0,,67.10816117933143
2022-08-12,30.166666666666668,23.277777777777782,100.59,98.61,24.7786,1.749096,2.006316,,33.611111111111114,24.61111111111111,0.0,,66.63181974528327
2022-08-13,27.333333333333336,24.833333333333336,100.51,98.51,15.285499999999999,1.749096,2.983752,,33.611111111111114,24.61111111111111,0.001016,,86.24202202766602
2022-08-14,30.111111111111114,23.944444444444443,100.39,98.41,18.3426,1.594764,2.983752,,35.0,25.0,0.0,,69.58700232366328
2022-08-15,30.500000000000004,24.055555555555554,100.36,98.4,21.8824,1.6462080000000001,2.983752,,36.38888888888889,25.777777777777782,0.0,,68.50726231346164
2022-08-16,34.77777777777778,23.22222222222222,100.24,98.28,26.5485,2.006316,2.983752,,37.111111111111114,26.27777777777778,0.0,,51.17766127007422
2022-08-18,33.5,23.000000000000004,100.27000000000001,98.32000000000001,22.526,1.80054,2.983752,,38.388888888888886,26.611111111111114,0.0,,54.22679969500259
2022-08-21,27.77777777777778,24.000000000000004,100.49,98.5,20.917,2.4178680000000004,2.983752,,34.611111111111114,25.0,0.007619999999999999,,79.93209478028798
2022-08-22,29.66666666666667,24.277777777777782,100.49,98.51,15.7682,1.749096,2.006316,,33.72222222222223,26.222222222222225,0.0,,72.83449780329336
2022-08-23,33.00000000000001,24.722222222222225,100.45,98.49,21.5606,1.749096,2.006316,,36.611111111111114,26.222222222222225,0.0,,61.86341791819363
2022-08-25,29.555555555555557,23.5,100.15,98.19,27.674799999999998,1.80054,2.983752,,37.611111111111114,24.277777777777782,0.005333999999999999,,69.95083702187635
2022-08-29,31.555555555555557,23.88888888888889,100.75,98.78999999999999,23.0087,2.006316,2.983752,,37.111111111111114,26.0,0.0,,63.8574844823127
2022-08-30,32.27777777777778,23.666666666666664,100.67,98.7,25.5831,1.80054,2.983752,,37.27777777777778,26.27777777777778,0.0,,60.47942043443907
2022-09-02,30.888888888888886,23.333333333333336,100.67999999999999,98.7,15.607299999999999,2.006316,2.983752,,34.611111111111114,24.499999999999996,0.00127,,64.14573244992337
2022-09-05,27.611111111111114,19.055555555555554,100.81,98.82000000000001,25.9049,1.851984,2.983752,,34.5,22.277777777777775,0.0,,59.62182906750617
2022-09-08,25.666666666666668,23.388888888888886,101.4,99.38,8.045,1.491876,2.006316,,35.72222222222222,23.61111111111111,0.010414,,87.24714423076433
2022-09-09,26.611111111111114,24.000000000000004,101.37,99.36,23.6523,1.183212,2.006316,,33.277777777777786,23.61111111111111,0.0048259999999999996,,85.59980369323537
2022-09-12,28.166666666666668,23.5,100.92,98.91,17.2163,1.749096,2.983752,,30.72222222222222,23.277777777777782,0.001016,,75.81923044726359
2022-09-13,27.277777777777775,23.5,100.97999999999999,98.97999999999999,21.5606,2.263536,2.983752,,30.72222222222222,24.388888888888893,0.001016,,79.86547146640635
2022-09-14,27.44444444444445,24.277777777777782,100.85,98.85,9.3322,1.234656,2.006316,,32.388888888888886,23.88888888888889,0.0,,82.8784928641658
2022-09-16,27.44444444444445,25.111111111111114,100.42999999999999,98.44,7.4014,1.183212,2.006316,,33.5,25.222222222222225,0.001778,,87.11460188101054
2022-09-19,31.500000000000004,22.944444444444443,100.53999999999999,98.57000000000001,25.4222,1.234656,2.006316,,36.72222222222222,24.777777777777775,0.0,,60.50804155056404
2022-09-20,27.722222222222225,24.722222222222225,100.82000000000001,98.83,13.6765,1.697652,2.983752,,36.72222222222222,25.388888888888893,0.0,,83.74163011093279
2022-09-21,28.388888888888886,23.388888888888886,100.91,98.92,9.1713,1.80054,4.012632,,33.88888888888889,24.388888888888893,0.0,,74.34365027125904
2022-09-22,28.333333333333336,20.333333333333332,101.02000000000001,99.02000000000001,20.7561,1.183212,2.006316,,33.88888888888889,23.61111111111111,0.0,,61.88162938282006
2022-09-23,25.72222222222222,20.611111111111107,101.28,99.26,23.3305,1.3889880000000001,2.006316,,33.00000000000001,23.388888888888886,0.0,,73.39744840626993
2022-09-24,24.88888888888889,20.444444444444443,101.32000000000001,99.3,17.2163,0.977436,2.006316,,28.000000000000004,22.5,0.0,,76.3421172215882
2022-09-25,24.777777777777775,22.16666666666667,101.2,99.17999999999999,16.7336,1.234656,2.006316,,30.777777777777782,21.77777777777778,0.0,,85.41656949735481
2022-09-27,26.555555555555554,21.05555555555556,100.75,98.77000000000001,14.8028,0.977436,0.977436,,35.38888888888889,22.277777777777775,0.0,,71.80408014850292
2022-09-28,29.499999999999996,21.500000000000004,100.83,98.85,22.0433,2.263536,2.983752,,35.38888888888889,23.5,0.0,,62.13928236248817
2022-10-01,25.166666666666668,25.0,101.05,99.03,18.9862,1.337544,2.006316,,29.777777777777775,23.388888888888886,0.028701999999999995,,99.01083364883878
2022-10-03,27.77777777777778,23.55555555555556,101.24,99.22999999999999,20.2734,0.977436,2.006316,,32.72222222222223,23.61111111111111,0.0,,77.8207993812405
2022-10-04,25.833333333333336,23.55555555555556,101.33,99.33,18.6644,0.8231040000000001,0.977436,,34.22222222222222,23.61111111111111,0.0,,87.26193480247015
2022-10-05,31.27777777777778,21.333333333333336,101.11,99.12,27.513900000000003,2.5207560000000004,2.983752,,34.22222222222222,23.11111111111111,0.0,,55.5448734125118
2022-10-06,27.666666666666668,22.38888888888889,101.37,99.37,18.5035,1.337544,2.983752,,34.22222222222222,23.61111111111111,0.0,,72.98208600785475
2022-10-07,24.166666666666668,19.000000000000004,101.61,99.58,26.709400000000002,2.006316,4.990068,,32.72222222222223,22.888888888888893,0.0,,72.8775378566894
2022-10-08,23.944444444444443,18.5,101.61,99.57000000000001,18.6644,1.6462080000000001,2.006316,,26.27777777777778,21.888888888888893,0.0,,71.58291696882164
2022-10-09,20.777777777777782,15.166666666666666,102.4,0.32999999999999996,26.2267,1.6462080000000001,2.006316,,26.27777777777778,19.27777777777778,0.001524,,70.24580707215799
2022-10-11,23.388888888888886,15.277777777777779,101.72,99.67,29.4447,1.234656,2.006316,,27.11111111111111,17.611111111111114,0.0,,60.33181666532218
2022-10-12,23.000000000000004,13.722222222222225,101.63,99.59,23.0087,0.977436,2.006316,,27.277777777777775,19.388888888888893,0.0,,55.859186348042414
2022-10-13,22.277777777777775,13.833333333333334,101.52000000000001,99.49,13.354700000000001,1.337544,2.006316,,29.388888888888893,18.000000000000004,0.0,,58.78747476166851
2022-10-14,23.55555555555556,13.333333333333334,101.44,99.41,10.619399999999999,1.697652,2.983752,,30.27777777777778,16.88888888888889,0.0,,52.6633370773691
2022-10-15,20.27777777777778,15.222222222222221,101.69,99.65,5.7924,1.491876,2.006316,,30.27777777777778,16.222222222222225,0.0,,72.70667514741478
2022-10-18,22.833333333333332,7.055555555555557,101.69,99.65,14.481,1.491876,2.006316,,30.777777777777782,15.722222222222221,0.0,,36.156753792368065
2022-10-19,21.555555555555554,11.500000000000002,101.82000000000001,99.77000000000001,9.8149,1.3889880000000001,2.006316,,29.388888888888893,13.722222222222225,0.0,,52.72267465604218
2022-10-20,16.88888888888889,16.722222222222225,102.08,,2.5744000000000002,1.337544,2.006316,,27.611111111111114,14.11111111111111,0.017018000000000002,,98.94725946176706
2022-10-23,28.666666666666664,21.333333333333336,101.52000000000001,99.51,15.446399999999999,1.749096,2.006316,,33.11111111111111,21.0,0.0,,64.54850490718147
2022-10-25,27.277777777777775,18.55555555555556,101.41,99.38,6.2751,0.977436,2.006316,,31.777777777777782,18.5,0.0,,58.92652027893346
2022-10-26,25.555555555555557,20.388888888888893,101.27000000000001,99.25,4.827,0.977436,2.006316,,30.222222222222225,20.72222222222222,0.0,,73.11768848388817
2022-10-29,22.555555555555554,17.77777777777778,101.7,99.65,7.2405,0.977436,2.006316,,27.611111111111114,18.722222222222225,0.0,,74.39926992648009
2022-10-30,22.555555555555554,16.11111111111111,101.67,99.62,13.1938,2.006316,4.012632,,27.611111111111114,18.722222222222225,0.0,,66.93525425403374
2022-10-31,20.111111111111114,13.777777777777777,101.86,99.8,15.9291,1.3889880000000001,2.006316,,26.999999999999996,15.611111111111112,0.0,,66.9119543917608
2022-11-01,21.444444444444443,13.222222222222221,101.58,99.52000000000001,16.7336,1.491876,2.006316,,28.11111111111111,14.27777777777778,0.0,,59.44471518018312
2022-11-03,21.222222222222225,13.944444444444446,101.58,99.51,12.3893,1.491876,2.006316,,29.277777777777782,14.222222222222223,0.0,,63.16161621609487
2022-11-05,18.722222222222225,14.555555555555557,101.97,99.9,5.9533000000000005,0.977436,2.006316,,28.722222222222225,15.222222222222221,0.0,,76.7254775857681
2022-11-06,20.444444444444443,14.27777777777778,101.8,99.74,4.3443000000000005,1.491876,2.006316,,27.722222222222225,15.222222222222221,0.0,,67.70791384057249
2022-11-07,21.611111111111114,16.222222222222225,101.59,99.53999999999999,4.0225,1.3889880000000001,2.006316,,28.11111111111111,16.222222222222225,0.0,,71.40928211109032
2022-11-08,21.166666666666664,15.777777777777779,101.74,99.69,4.6661,0.8231040000000001,0.977436,,29.277777777777782,16.11111111111111,0.0,,71.32765950301383
2022-11-09,23.22222222222222,15.944444444444446,101.53999999999999,99.49,6.2751,1.183212,2.006316,,29.499999999999996,16.38888888888889,0.0,,63.60280231453616
2022-11-11,24.166666666666668,19.055555555555554,101.37,99.34,4.9879,1.491876,2.983752,,31.222222222222225,17.38888888888889,0.0,,73.13073542122406
2022-11-13,25.61111111111111,18.833333333333336,101.38,99.36,8.849499999999999,1.491876,2.006316,,31.611111111111114,19.499999999999996,0.0,,66.16071083630956
2022-11-14,23.55555555555556,19.333333333333332,101.47,99.44,4.1834,0.977436,2.006316,,30.888888888888886,21.0,0.0,,77.19634775463572
2022-11-18,24.000000000000004,22.888888888888893,101.25,99.22,2.8962,0.977436,0.977436,,25.500000000000004,21.38888888888889,0.00127,,93.51117134666474
2022-11-19,20.055555555555554,19.72222222222222,101.61,99.56,5.1488000000000005,0.977436,0.977436,,25.500000000000004,19.111111111111114,0.0127,,97.95384741184438
2022-11-20,21.05555555555556,18.388888888888886,101.42,99.37,7.4014,1.594764,2.006316,,23.388888888888886,18.88888888888889,0.0,,84.73819035489029
2022-11-21,24.333333333333332,20.166666666666664,101.13,99.11,5.7924,1.80054,2.983752,,29.111111111111114,19.000000000000004,0.0,,77.57958070327226
2022-11-22,23.11111111111111,20.666666666666668,101.26,99.22999999999999,4.505199999999999,0.977436,2.006316,,29.111111111111114,19.499999999999996,0.0,,86.12811834564835
2022-11-23,23.000000000000004,18.77777777777778,101.37,99.34,6.114199999999999,1.594764,2.983752,,27.722222222222225,19.88888888888889,0.0,,77.112333516577
2022-11-24,22.722222222222225,19.000000000000004,101.47,99.42999999999999,6.436,1.749096,2.006316,,25.777777777777782,19.88888888888889,0.000254,,79.51906385657718
2022-11-25,20.111111111111114,20.111111111111114,101.57000000000001,99.52000000000001,2.8962,0.977436,2.006316,,25.61111111111111,19.27777777777778,0.019812,,100.0
2022-11-26,20.666666666666668,20.500000000000004,101.1,99.05,4.1834,1.749096,2.006316,,21.27777777777778,20.0,0.006096,,98.97700997293846
2022-11-27,25.333333333333332,21.444444444444443,100.52000000000001,98.51,9.4931,1.851984,4.990068,,32.111111111111114,20.111111111111114,0.0,,79.06327620046268
2022-11-28,25.333333333333332,20.72222222222222,100.58,98.58,11.4239,0.977436,2.006316,,33.611111111111114,20.111111111111114,0.0,,75.63043617144832
2022-11-29,26.666666666666668,21.833333333333332,100.91,98.9,9.010399999999999,1.594764,2.983752,,33.611111111111114,20.777777777777782,0.0,,74.81832692347764
2022-11-30,15.722222222222221,11.222222222222225,102.06,99.97999999999999,19.468899999999998,2.983752,4.990068,,31.72222222222222,10.222222222222221,0.00127,,74.58502912107352
2022-12-01,10.777777777777777,6.388888888888889,102.57000000000001,0.42000000000000004,12.5502,1.234656,2.006316,,18.000000000000004,9.38888888888889,0.0,,74.29025647804166
2022-12-02,10.833333333333334,5.1111111111111125,102.28,0.13999999999999999,12.7111,1.851984,2.983752,,12.722222222222221,8.722222222222225,0.000254,,67.74750936807348
2022-12-03,11.77777777777778,9.166666666666668,102.06,99.92999999999999,7.8841,1.594764,2.983752,,12.888888888888891,8.722222222222225,0.0,,84.01451119168226
2022-12-05,15.277777777777779,7.944444444444443,102.28,0.16,17.377200000000002,1.851984,2.983752,,19.388888888888893,11.722222222222223,0.0,,61.574795258211005
2022-12-06,14.61111111111111,7.888888888888891,101.95,99.85,6.436,1.491876,2.006316,,19.388888888888893,11.722222222222223,0.0,,64.0341045005267
2022-12-07,13.777777777777777,9.666666666666666,102.08,99.96000000000001,5.309699999999999,1.337544,2.006316,,16.500000000000004,11.500000000000002,0.0,,76.21799566650458
2022-12-08,14.055555555555555,12.222222222222223,101.96000000000001,99.85,3.3789000000000002,0.77166,0.977436,,15.277777777777779,12.388888888888888,0.0,,88.71270186642512
2022-12-09,15.055555555555557,12.944444444444443,101.78,99.67999999999999,3.8615999999999997,0.8231040000000001,0.977436,,17.11111111111111,12.611111111111112,0.0,,87.19760380242684
2022-12-10,17.611111111111114,10.722222222222221,101.82000000000001,99.72,6.2751,1.234656,2.006316,,18.722222222222225,14.27777777777778,0.0,,63.98477292807422
2022-12-11,16.222222222222225,10.222222222222221,101.95,99.85,6.436,0.977436,2.006316,,19.27777777777778,13.88888888888889,0.0,,67.58668768294221
2022-12-12,15.277777777777779,9.722222222222223,102.14,0.04,4.3443000000000005,1.3889880000000001,2.983752,,20.72222222222222,13.388888888888891,0.0,,69.43475269301587
2022-12-13,15.277777777777779,5.6111111111111125,102.1,0.0,5.6315,1.3889880000000001,2.006316,,20.72222222222222,12.888888888888891,0.0,,52.45593177070062
2022-12-15,13.499999999999998,6.333333333333333,101.53999999999999,99.42999999999999,5.6315,0.977436,2.006316,,20.611111111111107,7.3888888888888875,0.0,,61.86274559349824
2022-12-16,15.388888888888891,7.5,102.35,0.22999999999999998,5.4706,1.3889880000000001,4.012632,,20.611111111111107,9.222222222222223,0.0,,59.312319435822516
2022-12-17,13.0,0.5555555555555556,103.34,1.2,11.263,2.263536,4.012632,,18.22222222222222,9.61111111111111,0.0,,42.51418192450358
2022-12-18,12.722222222222221,1.2777777777777763,102.62,0.48,8.3668,1.594764,2.983752,,17.77777777777778,8.222222222222221,0.0,,45.6060511553138
2022-12-20,13.777777777777777,3.111111111111112,102.02000000000001,99.91,4.9879,1.80054,2.006316,,19.499999999999996,6.611111111111111,0.0,,48.51236878010718
2022-12-22,13.444444444444446,8.277777777777777,101.86,99.76,5.1488000000000005,0.51444,0.977436,,19.61111111111111,11.61111111111111,0.0,,70.91922575997344
2022-12-23,13.277777777777777,7.444444444444444,102.1,,5.9533000000000005,0.977436,0.977436,,20.27777777777778,11.88888888888889,0.0,,67.73895182750186
2022-12-24,14.500000000000002,7.000000000000001,102.11,0.0,5.6315,1.183212,2.006316,,21.27777777777778,10.277777777777779,0.0,,60.69499534950725
2022-12-25,16.222222222222225,7.166666666666666,101.85,99.76,5.4706,0.8231040000000001,2.006316,,22.611111111111114,10.277777777777779,0.0,,54.965004174359535
2022-12-26,16.88888888888889,9.222222222222223,102.07000000000001,99.97,5.7924,1.337544,2.006316,,22.611111111111114,10.88888888888889,0.0,,60.57577066613726
2022-12-27,15.111111111111112,9.222222222222223,102.2,0.1,7.2405,2.4178680000000004,4.990068,,20.388888888888893,10.5,0.002286,,67.8626521876489
2022-12-28,9.500000000000002,5.7222222222222205,102.85,0.7,15.446399999999999,1.749096,2.006316,,17.5,8.88888888888889,0.0038099999999999996,,77.27581496969661
2022-12-29,9.27777777777778,7.944444444444443,103.05,0.8800000000000001,5.4706,1.2861,2.006316,,10.777777777777777,7.611111111111113,0.004318,,91.36939764189684
2022-12-31,12.611111111111112,8.499999999999998,102.72,0.58,5.4706,0.51444,0.977436,,14.722222222222223,8.88888888888889,0.0,,76.02768057381294
2023-01-01,14.555555555555557,10.166666666666666,102.49000000000001,0.37,6.436,1.080324,2.006316,5.40162,18.000000000000004,10.999999999999998,0.0,,74.94028998231423
2023-01-02,14.38888888888889,10.055555555555557,102.72,0.6,11.7457,1.131768,2.4178680000000004,,18.000000000000004,11.38888888888889,0.0,,75.1912086992248
2023-01-03,15.5,9.722222222222223,102.5,0.38,11.263,0.977436,2.4178680000000004,5.5045079999999995,19.499999999999996,12.277777777777779,0.0,,68.4512420730875
2023-01-04,17.333333333333336,9.000000000000002,102.21000000000001,0.11000000000000001,6.2751,2.366424,2.983752,8.694035999999999,20.500000000000004,12.277777777777779,0.0,,58.01812991486671
2023-01-05,16.77777777777778,10.999999999999998,102.55999999999999,0.45999999999999996,5.9533000000000005,1.851984,4.012632,8.694035999999999,20.500000000000004,14.000000000000002,0.0,,68.70873337572895
2023-01-06,14.000000000000002,7.333333333333335,102.75999999999999,0.64,7.5623000000000005,1.440432,2.675088,8.282484,20.0,8.222222222222221,0.0,,64.1400621671727
2023-01-07,14.166666666666668,6.500000000000002,102.1,,8.045,1.2861,2.675088,6.6877200000000006,22.611111111111114,7.222222222222222,0.0,,59.92435823855512
2023-01-08,15.5,9.27777777777778,101.92999999999999,99.83,5.1488000000000005,1.183212,2.006316,,23.722222222222225,7.277777777777779,0.0,,66.43648618225721
2023-01-09,15.277777777777779,12.11111111111111,102.01,99.91,2.5744000000000002,1.234656,2.675088,,23.722222222222225,9.27777777777778,0.0,,81.38469967475432
2023-01-10,16.77777777777778,12.555555555555557,101.82000000000001,99.72999999999999,3.5398,0.925992,2.006316,,22.722222222222225,11.38888888888889,0.0,,76.14071030441349
2023-01-11,18.61111111111111,15.722222222222221,101.33,99.26,3.8615999999999997,1.54332,3.08664,8.282484,24.388888888888893,11.38888888888889,0.0,,83.2818116997083
2023-01-12,19.66666666666667,15.944444444444446,100.82000000000001,98.78,5.1488000000000005,1.080324,2.006316,5.195844,26.72222222222222,14.888888888888888,0.0,,79.09151016768192
2023-01-13,20.388888888888893,15.166666666666666,100.38,98.35,6.436,1.131768,2.006316,,29.61111111111111,14.222222222222223,0.0,,71.95157550529213
2023-01-14,20.611111111111107,13.777777777777777,100.88,98.84,7.8841,2.160648,4.5785160000000005,8.48826,29.61111111111111,13.777777777777777,0.0,,64.8760080399651
2023-01-15,12.11111111111111,1.555555555555554,102.24,0.13,25.4222,2.675088,4.012632,10.700352,26.888888888888893,9.11111111111111,0.0,,48.42968174546245
2023-01-16,10.055555555555557,-0.8888888888888897,102.5,0.35,10.9412,2.2120919999999997,3.189528,6.790608,14.722222222222223,8.722222222222225,0.0,,46.5101138841532
2023-01-17,10.777777777777777,1.2777777777777763,102.72,0.5700000000000001,10.619399999999999,1.6462080000000001,2.983752,6.379056,12.722222222222221,8.61111111111111,0.0,,51.85505799488924
2023-01-18,10.999999999999998,2.3888888888888875,102.6,0.45,9.4931,1.6462080000000001,2.983752,6.018948,12.722222222222221,8.61111111111111,0.0,,55.31848142764141
2023-01-19,11.77777777777778,5.999999999999999,102.47999999999999,0.33999999999999997,6.918699999999999,1.131768,2.006316,,13.222222222222221,9.500000000000002,0.0,,67.6845127381112
2023-01-20,13.555555555555555,6.4444444444444455,102.22,0.1,8.849499999999999,0.668772,1.3889880000000001,,16.27777777777778,10.0,0.0,,62.113031570369856
2023-01-21,13.666666666666668,7.5,101.47999999999999,99.38,5.4706,0.977436,2.006316,,17.72222222222222,9.27777777777778,0.0,,66.29519389176878
2023-01-24,12.11111111111111,0.44444444444444287,102.8,0.6599999999999999,6.7578000000000005,1.6462080000000001,2.983752,,17.5,6.222222222222224,0.0,,44.707486253998184
2023-01-25,13.499999999999998,-0.11111111111111072,101.72,99.6,6.2751,2.5207560000000004,4.012632,,17.72222222222222,6.222222222222224,0.0,,39.2092572424305
2023-01-26,11.38888888888889,6.7777777777777795,102.14,0.01,4.0225,0.977436,2.006316,,17.72222222222222,6.388888888888889,0.0,,73.27099306497075
2023-01-27,13.111111111111112,-1.0000000000000004,102.8,0.67,7.5623000000000005,1.749096,4.012632,,16.61111111111111,10.88888888888889,0.0,,37.69341514691743
2023-01-28,12.11111111111111,-2.5,102.71,0.58,9.1713,1.594764,2.983752,,17.22222222222222,8.88888888888889,0.0,,36.04070837648851
2023-01-29,13.16666666666667,-0.22222222222222143,102.39,0.26,7.2405,1.491876,2.983752,,20.500000000000004,7.277777777777779,0.0,,39.74887197275901
2023-01-30,14.166666666666668,1.6666666666666667,101.85,99.72999999999999,6.2751,1.491876,2.006316,,21.888888888888893,4.777777777777779,0.0,,42.68234789804931
2023-01-31,13.611111111111112,5.444444444444443,101.06,98.97,5.1488000000000005,1.234656,2.006316,,23.000000000000004,6.388888888888889,0.0,,57.753820676267566
2023-02-01,17.888888888888893,10.88888888888889,101.26,99.19,4.505199999999999,1.594764,2.983752,,24.499999999999996,6.500000000000002,0.0,,63.575122655702486
2023-02-02,18.944444444444443,16.500000000000004,101.6,99.53,2.5744000000000002,0.77166,0.977436,,24.499999999999996,9.222222222222223,0.000254,,85.71551751992608
2023-02-04,15.66666666666667,15.444444444444443,101.46000000000001,99.37,5.1488000000000005,1.234656,2.006316,,18.000000000000004,15.0,0.000508,,98.58535607664798
2023-02-05,13.555555555555555,13.055555555555555,101.42999999999999,99.33,7.2405,1.6462080000000001,2.983752,,16.88888888888889,13.0,0.001016,,96.79053384679811
2023-02-06,14.222222222222223,13.833333333333334,101.34,99.24,5.6315,1.337544,2.006316,,15.222222222222221,12.777777777777779,0.000254,,97.50858495638106
2023-02-07,15.388888888888891,15.277777777777779,101.38,99.28999999999999,5.309699999999999,1.491876,2.006316,,16.222222222222225,13.777777777777777,0.000508,,99.28894371149049
2023-02-09,17.27777777777778,16.61111111111111,101.26,99.19,7.4014,1.594764,2.983752,,19.000000000000004,15.277777777777779,0.0,,95.85938874453804
2023-02-10,16.055555555555557,16.055555555555557,101.17,99.1,3.0570999999999997,0.8231040000000001,0.977436,,19.000000000000004,15.222222222222221,0.001016,,100.0
2023-02-12,24.277777777777782,15.611111111111112,100.51,98.49,6.114199999999999,1.6462080000000001,4.990068,,33.22222222222222,15.777777777777779,0.0,,58.42441304613723
2023-02-13,18.88888888888889,9.055555555555554,101.67999999999999,99.61,7.8841,2.675088,2.983752,,33.22222222222222,15.222222222222221,0.0,,52.810491227847166
2023-02-15,14.944444444444445,4.777777777777779,102.42,0.31,5.7924,1.234656,2.006316,,20.222222222222225,14.11111111111111,0.0,,50.57439674616736
2023-02-17,18.722222222222225,11.944444444444445,101.64,99.57000000000001,4.0225,2.2120919999999997,2.983752,,21.999999999999996,16.38888888888889,0.0,,64.7026270710089
2023-02-18,19.72222222222222,14.777777777777779,101.8,99.72999999999999,6.436,1.183212,2.006316,,25.0,16.27777777777778,0.0038099999999999996,,73.13030915048094
2023-02-20,19.333333333333332,11.277777777777777,101.9,99.82000000000001,8.2059,1.183212,2.006316,,23.388888888888886,14.61111111111111,0.0,,59.595283527511846
2023-02-22,14.61111111111111,14.61111111111111,101.91,99.8,1.2872000000000001,1.183212,2.006316,,20.500000000000004,13.88888888888889,0.003556,,100.0
2023-02-23,17.11111111111111,14.833333333333336,101.6,99.51,2.2525999999999997,1.491876,4.012632,,19.27777777777778,14.000000000000002,0.0,,86.45289046327969
2023-02-24,14.500000000000002,8.555555555555555,102.67,0.55,23.6523,1.491876,2.983752,,19.72222222222222,10.611111111111112,0.0,,67.48220763079505
2023-02-25,14.500000000000002,6.222222222222224,102.97999999999999,0.86,13.6765,0.977436,2.006316,,22.77777777777778,9.38888888888889,0.0,,57.53334269556094
2023-02-26,17.5,4.777777777777779,102.67999999999999,0.5599999999999999,13.998299999999999,1.491876,2.006316,,22.77777777777778,9.500000000000002,0.0,,42.96715012866207
2023-02-27,16.222222222222225,6.666666666666667,102.31,0.21000000000000002,8.2059,1.6462080000000001,2.983752,,23.22222222222222,9.000000000000002,0.0,,53.111312754295824
2023-02-28,20.72222222222222,10.111111111111112,101.94,99.86,5.7924,2.3149800000000003,4.012632,,26.11111111111111,9.222222222222223,0.0,,50.59426493950024
2023-03-01,19.166666666666668,12.666666666666666,102.35,0.27,8.688600000000001,1.594764,2.983752,,26.11111111111111,14.11111111111111,0.0,,65.99152998408391
2023-03-02,18.666666666666664,11.333333333333334,102.39,0.3,7.2405,1.491876,2.006316,,23.5,14.61111111111111,0.0,,62.357639135373574
2023-03-03,15.388888888888891,14.777777777777779,102.7,0.5900000000000001,19.9516,0.977436,0.977436,,21.77777777777778,14.27777777777778,0.003556,,96.14393652397573
2023-03-05,21.72222222222222,13.444444444444446,101.96000000000001,99.9,6.2751,1.80054,2.983752,,26.888888888888893,13.88888888888889,0.0,,59.295487357945994
2023-03-06,23.055555555555557,14.11111111111111,101.63,99.59,4.6661,1.491876,2.006316,,26.999999999999996,15.722222222222221,0.0,,57.09523110422416
2023-03-07,23.11111111111111,14.444444444444445,101.53999999999999,99.5,6.918699999999999,2.3149800000000003,2.983752,,26.999999999999996,19.777777777777775,0.0,,58.14504310075995
2023-03-09,25.222222222222225,14.166666666666668,101.67999999999999,99.63,17.698999999999998,2.006316,2.983752,,29.111111111111114,15.722222222222221,0.0,,50.30850240201437
2023-03-10,25.555555555555557,15.777777777777779,101.21000000000001,99.2,6.436,2.7265319999999997,4.990068,,29.111111111111114,16.38888888888889,0.0,,54.712884129851204
2023-03-13,16.61111111111111,8.555555555555555,102.27000000000001,0.16999999999999998,20.917,1.749096,2.983752,,22.5,12.611111111111112,0.0,,58.939467231127516
2023-03-15,21.38888888888889,17.27777777777778,101.35,99.3,4.6661,2.3149800000000003,4.012632,,26.999999999999996,12.388888888888888,0.0,,77.40870019056054
2023-03-16,23.166666666666668,17.77777777777778,101.2,99.16,13.1938,2.7265319999999997,4.012632,,26.222222222222225,18.000000000000004,0.0,,71.69244285487825
2023-03-17,26.666666666666668,17.11111111111111,101.08,99.06,12.067499999999999,3.2409719999999997,4.012632,,30.27777777777778,17.5,0.0,,55.76978026459896
2023-03-18,25.555555555555557,18.166666666666668,100.86,98.85,9.4931,3.6525239999999997,4.990068,,30.27777777777778,22.5,0.0,,63.662838840364735
2023-03-19,24.22222222222222,18.55555555555556,100.67,98.66,10.7803,2.4178680000000004,4.012632,,29.61111111111111,19.111111111111114,0.0,,70.64347274320467
2023-03-20,25.61111111111111,19.333333333333332,100.26,98.26,11.263,1.594764,2.983752,,32.77777777777778,18.88888888888889,0.0,,68.25754766968893
2023-03-22,27.666666666666668,16.88888888888889,100.03,98.05,14.481,2.006316,2.983752,,37.22222222222222,19.777777777777775,0.002794,,51.85292016338371
2023-03-23,28.55555555555556,19.388888888888893,100.1,98.12,10.4585,1.491876,2.006316,,37.88888888888889,21.11111111111111,0.0,,57.61058047279387
2023-03-25,19.166666666666668,15.555555555555557,101.37,99.32000000000001,23.9741,2.5207560000000004,2.983752,,26.38888888888889,15.5,0.00508,,79.58550894823624
2023-03-26,18.166666666666668,12.388888888888888,101.45,99.38,21.0779,2.006316,2.983752,,20.888888888888886,15.222222222222221,0.000508,,68.98537267207683
2023-03-27,20.0,11.055555555555555,101.64,99.57000000000001,26.8703,2.5207560000000004,2.983752,,23.722222222222225,15.388888888888891,0.0,,56.340646554078454
2023-03-28,16.333333333333332,12.611111111111112,101.78,99.69,12.872,1.80054,2.983752,,23.722222222222225,14.777777777777779,0.006604,,78.61042337913705
2023-03-29,16.833333333333332,14.666666666666666,101.53999999999999,99.45,9.9758,1.183212,2.006316,,19.22222222222222,14.27777777777778,0.0,,87.04832395555542
2023-03-30,21.38888888888889,15.333333333333334,101.1,99.05,9.8149,0.977436,0.977436,,24.61111111111111,15.888888888888891,0.0,,68.38482662991542
2023-04-01,23.000000000000004,18.722222222222225,100.62,98.59,10.9412,2.7265319999999997,4.012632,,27.222222222222225,20.27777777777778,0.0,,76.84478572872176
2023-04-02,24.722222222222225,20.833333333333336,100.33,98.33,8.045,1.749096,2.006316,,32.111111111111114,20.611111111111107,0.0,,78.97796619029599
2023-04-06,25.222222222222225,13.055555555555555,101.28999999999999,99.28,25.744,3.2409719999999997,4.990068,,37.0,23.000000000000004,0.0,,46.798677392415115
2023-04-09,19.27777777777778,13.944444444444446,101.74,99.67999999999999,9.4931,2.263536,2.983752,,25.72222222222222,17.72222222222222,0.0,,71.23364954421992
2023-04-13,25.111111111111114,21.999999999999996,100.57000000000001,98.58,13.1938,2.006316,2.983752,,31.500000000000004,24.499999999999996,0.0,,82.8863950248617
2023-04-14,28.277777777777782,22.277777777777775,100.72,98.72,,2.006316,2.006316,,33.72222222222223,24.388888888888893,0.0,,69.94928702851105
2023-04-16,29.000000000000004,18.722222222222225,100.5,98.51,20.917,1.749096,2.983752,,34.27777777777778,19.61111111111111,0.0,,53.855318974018914
2023-04-22,29.055555555555554,23.11111111111111,100.22,98.26,5.9533000000000005,2.983752,4.012632,,35.38888888888889,26.777777777777782,0.0,,70.32967429457949
2023-04-23,32.77777777777778,21.222222222222225,100.46000000000001,98.5,9.9758,2.006316,2.983752,,36.72222222222222,26.11111111111111,0.0,,50.671132169732424
2023-04-24,20.777777777777782,14.27777777777778,101.44,99.41,22.526,4.012632,4.990068,,36.72222222222222,18.5,0.0,,66.32999563143704
2023-04-29,23.000000000000004,15.111111111111112,101.37,99.34,26.3876,1.594764,2.006316,,35.27777777777778,19.000000000000004,0.0,,61.109623799605984
2023-05-02,29.61111111111111,19.499999999999996,100.71000000000001,98.72999999999999,22.3651,2.675088,4.012632,,35.27777777777778,24.777777777777775,0.0,,54.57062305708376
2023-05-03,29.94444444444445,20.388888888888893,100.13,98.17,22.2042,2.2120919999999997,2.983752,,36.5,24.88888888888889,0.0,,56.565428563125295
2023-05-06,32.388888888888886,24.055555555555554,99.69,97.75,12.067499999999999,3.7554119999999998,6.018948,,42.111111111111114,26.72222222222222,0.005588,,61.52402236224949
2023-05-07,27.16666666666667,19.88888888888889,100.65,98.66,29.927400000000002,2.4178680000000004,2.983752,,42.111111111111114,23.5,0.0,,64.45259457384668
2023-05-08,21.888888888888893,17.5,101.21000000000001,99.19,24.9395,2.3149800000000003,4.012632,,30.500000000000004,20.27777777777778,0.003556,,76.13776873758766
2023-05-10,24.22222222222222,21.444444444444443,101.1,99.07000000000001,11.906600000000001,1.3889880000000001,2.006316,,30.27777777777778,19.111111111111114,0.002032,,84.49332727691008
2023-05-11,23.333333333333336,19.833333333333336,101.61,99.57000000000001,28.801099999999998,0.77166,0.977436,,30.27777777777778,20.888888888888886,0.004318,,80.70920899348471
2023-05-12,24.111111111111114,18.722222222222225,101.63,99.6,25.2613,0.77166,0.977436,,30.111111111111114,21.222222222222225,0.0,,71.86247014168997
2023-05-15,28.83333333333334,20.555555555555557,100.53,98.55,18.8253,2.006316,2.983752,,34.72222222222222,20.222222222222225,0.0,,60.93985998242785
2023-05-17,34.72222222222222,21.72222222222222,100.08,98.12,18.9862,1.80054,2.006316,,39.77777777777778,24.277777777777782,0.0,,46.85962042376713
2023-05-18,30.777777777777782,24.388888888888893,100.4,98.44,10.4585,2.4178680000000004,2.983752,,39.77777777777778,24.88888888888889,0.001524,,68.7891632730866
2023-05-21,33.833333333333336,22.944444444444443,100.15,98.21000000000001,13.515600000000001,2.675088,4.012632,,40.111111111111114,26.777777777777782,0.0,,53.044936251889816
2023-05-23,25.388888888888893,18.277777777777782,100.85,98.84,28.962,2.006316,2.983752,,40.777777777777786,22.611111111111114,0.0,,64.74733231986282
2023-05-25,31.72222222222222,22.888888888888893,100.44,98.47999999999999,20.595200000000002,2.983752,4.012632,,35.61111111111111,24.777777777777775,0.0,,59.54757138825225
2023-05-26,29.833333333333336,22.555555555555554,100.56,98.59,22.526,2.7265319999999997,4.012632,,36.611111111111114,26.0,0.004064,,65.01219033272253
2023-05-27,31.111111111111114,22.44444444444445,100.45,98.47999999999999,26.2267,2.6236439999999996,4.012632,,36.611111111111114,27.38888888888889,0.0,,60.01369628985468
2023-05-28,32.16666666666667,22.5,100.53,98.57000000000001,27.674799999999998,2.7265319999999997,4.012632,,36.77777777777778,26.611111111111114,0.0,,56.71036151017974
2023-06-01,33.277777777777786,21.888888888888893,99.92,97.97999999999999,26.0658,2.263536,2.983752,,41.27777777777778,27.5,0.0,,51.318524575066874
2023-06-02,34.66666666666667,23.61111111111111,100.03,98.09,24.456799999999998,3.395304,4.990068,,40.61111111111111,27.277777777777775,0.0,,52.718435220805105
2023-06-03,30.833333333333336,24.111111111111114,100.38,98.42999999999999,22.526,2.5207560000000004,4.012632,,40.38888888888889,26.38888888888889,0.000254,,67.43727540306278
2023-06-04,28.944444444444443,24.166666666666668,100.42,98.44,18.8253,2.006316,2.983752,,39.72222222222222,26.27777777777778,0.0,,75.43519857939103
2023-06-05,32.0,22.722222222222225,100.49,98.52000000000001,27.996599999999997,2.263536,4.012632,,38.72222222222223,26.0,0.0,,58.02658209825936
2023-06-06,25.944444444444446,21.666666666666668,100.91,98.91,28.801099999999998,1.749096,2.983752,,38.72222222222223,23.22222222222222,0.000762,,77.28952942257258
2023-06-10,32.27777777777778,17.611111111111114,100.11,98.16,29.927400000000002,1.183212,2.006316,,39.111111111111114,25.27777777777778,0.0,,41.62956662338073
2023-06-11,34.111111111111114,18.388888888888886,100.05,98.1,27.353,1.697652,2.983752,,39.72222222222222,25.61111111111111,0.0,,39.437409910525176
2023-06-12,32.666666666666664,20.0,100.06,98.11,20.917,2.2120919999999997,2.983752,,39.888888888888886,24.22222222222222,0.006096,,47.28683805339436
2023-06-13,26.72222222222222,21.833333333333332,100.39,98.41,22.2042,1.234656,2.006316,,39.888888888888886,24.22222222222222,0.0,,74.57375456081964
2023-06-23,26.777777777777782,23.77777777777778,100.49,98.49,20.917,1.337544,2.006316,,30.222222222222225,23.22222222222222,0.01016,,83.63708689430383
2023-06-24,24.277777777777782,23.61111111111111,100.59,98.58,23.813200000000002,0.977436,2.983752,,30.222222222222225,23.11111111111111,0.014224,,96.06904025013735
2023-06-25,28.277777777777782,22.833333333333332,100.55,98.56,27.674799999999998,2.366424,4.990068,,34.22222222222222,23.22222222222222,0.0,,72.35174391335583
2023-06-26,29.444444444444446,23.55555555555556,100.58,98.6,25.4222,2.6236439999999996,4.012632,,34.22222222222222,24.000000000000004,0.0,,70.63738915242847
2023-06-30,30.888888888888886,26.33333333333334,99.96000000000001,98.01,15.9291,2.006316,2.983752,,35.111111111111114,28.22222222222222,0.0,,76.74077049977684
2023-07-02,33.16666666666667,25.111111111111114,100.15,98.2,25.4222,3.189528,4.990068,,36.611111111111114,28.22222222222222,0.0,,62.726194970510655
2023-07-03,30.500000000000004,24.61111111111111,100.34,98.38,27.192099999999996,3.2409719999999997,4.012632,,36.22222222222223,28.88888888888889,0.0,,70.82853821450531
2023-07-04,32.05555555555556,24.444444444444446,100.31,98.35,28.801099999999998,2.983752,4.012632,,36.22222222222223,25.777777777777782,0.000254,,64.17626229422146
2023-07-06,33.00000000000001,24.277777777777782,100.22,98.27000000000001,26.709400000000002,2.006316,2.983752,,38.611111111111114,26.222222222222225,0.0,,60.23806012067495
2023-07-07,34.833333333333336,24.61111111111111,100.11,98.17,28.3184,2.983752,4.012632,,38.611111111111114,30.222222222222225,0.0,,55.466700540392345
2023-07-09,33.277777777777786,23.055555555555557,100.49,98.53,25.744,2.2120919999999997,2.983752,,36.88888888888889,29.777777777777775,0.0,,55.092384788496965
2023-07-10,33.333333333333336,23.22222222222222,100.32000000000001,98.38,24.7786,2.006316,2.983752,,38.72222222222223,27.222222222222225,0.0,,55.477538204226995
2023-07-11,31.777777777777782,24.055555555555554,100.35,98.4,23.0087,2.7265319999999997,4.012632,,38.72222222222223,28.388888888888886,0.0,,63.691400974231435
2023-07-12,34.16666666666667,23.722222222222225,100.15,98.21000000000001,28.3184,2.7779760000000002,4.012632,,38.11111111111111,29.388888888888893,0.0,,54.57174476890758
2023-07-14,28.11111111111111,24.61111111111111,100.36,98.4,18.1817,2.5207560000000004,4.012632,,37.72222222222223,24.499999999999996,0.005588,,81.31858788705787
2023-07-15,28.55555555555556,23.333333333333336,100.35,98.37,26.5485,0.77166,0.977436,,37.72222222222223,24.22222222222222,0.001524,,73.37967594477658
2023-07-16,30.055555555555554,22.38888888888889,100.15,98.19,26.5485,1.80054,2.983752,,35.72222222222222,25.388888888888893,0.0,,63.538769653018065
2023-07-18,23.722222222222225,23.055555555555557,100.0,98.0,4.1834,2.2120919999999997,2.983752,,37.88888888888889,22.888888888888893,0.094996,,96.05298546927158
2023-07-19,26.777777777777782,24.722222222222225,100.56,98.56,12.872,1.2861,2.983752,,29.499999999999996,23.000000000000004,0.07010399999999999,,88.5148416362297
2023-07-20,26.888888888888893,25.0,100.78999999999999,98.78999999999999,9.4931,0.977436,2.006316,,32.111111111111114,24.722222222222225,0.001016,,89.40924874990185
2023-07-21,31.05555555555556,24.166666666666668,100.83,98.85,17.5381,2.263536,2.983752,,35.0,24.88888888888889,0.0,,66.80918147017054
2023-07-25,30.500000000000004,24.388888888888893,100.34,98.38,15.7682,2.263536,2.983752,,36.27777777777778,26.777777777777782,0.0,,69.8918948912199
2023-07-26,32.94444444444444,24.166666666666668,100.17999999999999,98.22999999999999,19.468899999999998,2.006316,2.006316,,37.27777777777778,26.500000000000004,0.0,,60.025029715421056
2023-07-27,32.0,23.000000000000004,99.95,98.01,25.5831,1.749096,2.006316,,37.77777777777778,26.999999999999996,0.0,,59.01236581453215
2023-07-28,28.944444444444443,23.88888888888889,100.0,98.03999999999999,26.5485,1.3889880000000001,2.006316,,37.77777777777778,26.777777777777782,0.0,,74.18595171348286
2023-07-29,33.05555555555556,24.555555555555557,100.03999999999999,98.08,25.2613,1.80054,2.006316,,37.72222222222223,26.500000000000004,0.0,,61.05830030883076
2023-07-30,30.500000000000004,25.388888888888893,100.2,98.24,14.8028,2.263536,4.012632,,37.72222222222223,26.72222222222222,0.0,,74.19389087363479
2023-08-02,29.833333333333336,24.66666666666667,100.22,98.24,24.7786,2.2120919999999997,2.983752,,34.611111111111114,25.888888888888886,0.0,,73.83898447041767
2023-08-03,30.388888888888893,24.88888888888889,100.15,98.19,23.3305,1.851984,2.983752,,34.72222222222222,26.11111111111111,0.0,,72.4750098378774
2023-08-04,27.44444444444445,26.166666666666664,100.28,98.3,13.998299999999999,0.977436,2.006316,,34.72222222222222,26.611111111111114,0.0048259999999999996,,92.75153039056453
2023-08-10,29.777777777777775,26.222222222222225,100.31,98.34,18.9862,1.491876,2.006316,,34.0,26.38888888888889,0.00127,,81.25729229352481
2023-08-11,27.16666666666667,24.555555555555557,100.19,98.22,20.7561,1.594764,2.983752,,34.0,24.777777777777775,0.0,,85.6546681703882
2023-08-12,29.722222222222225,24.000000000000004,100.19,98.21000000000001,22.3651,1.337544,2.006316,,33.72222222222223,24.499999999999996,0.0,,71.40027105440512
2023-08-13,30.888888888888886,25.27777777777778,100.08,98.11,13.1938,1.80054,2.983752,,35.72222222222222,25.222222222222225,0.001016,,72.08248017685493
2023-08-16,29.61111111111111,25.27777777777778,100.44,98.45,18.5035,0.977436,0.977436,,34.22222222222222,25.72222222222222,0.004572,,77.56958088201915
2023-08-19,27.277777777777775,24.777777777777775,100.53,98.53999999999999,14.1592,1.697652,2.983752,,33.611111111111114,25.222222222222225,0.00127,,86.23675928033266
2023-08-20,29.499999999999996,24.333333333333332,100.51,98.53999999999999,21.7215,1.80054,2.006316,,33.72222222222223,25.222222222222225,0.0,,73.78375710476314
2023-08-22,28.88888888888889,25.111111111111114,100.41,98.42999999999999,14.481,1.491876,2.983752,,34.5,26.11111111111111,0.0,,80.07902207242948
2023-08-23,27.611111111111114,25.388888888888893,100.34,98.36,6.918699999999999,1.440432,2.983752,,34.5,25.111111111111114,0.008889999999999999,,87.70770546809756
2023-08-28,28.000000000000004,22.11111111111111,100.41,98.42999999999999,29.927400000000002,1.491876,2.006316,,34.27777777777778,24.111111111111114,0.0,,70.37300896022667
2023-08-30,27.11111111111111,20.055555555555554,100.85,98.86,23.1696,1.491876,2.983752,,33.277777777777786,22.11111111111111,0.0,,65.33473462896247
2023-08-31,28.277777777777782,19.72222222222222,100.78,98.78,25.4222,1.3889880000000001,2.006316,,33.611111111111114,21.611111111111114,0.0,,59.77556108049396
2023-09-02,27.833333333333332,21.333333333333336,100.5,98.52000000000001,23.0087,2.006316,2.983752,,34.72222222222222,24.111111111111114,0.0,,67.7598589086943
2023-09-03,25.0,21.999999999999996,100.55,98.56,12.872,1.183212,2.006316,,34.72222222222222,22.77777777777778,0.00635,,83.43764448933862
2023-09-04,23.666666666666664,22.5,100.82000000000001,98.8,23.1696,0.77166,0.977436,,28.22222222222222,22.5,0.007873999999999999,,93.18021731937549
2023-09-06,31.166666666666664,23.55555555555556,100.69,98.72,23.813200000000002,1.749096,2.006316,,35.777777777777786,24.499999999999996,0.0,,63.98936651043601
2023-09-07,27.055555555555557,23.388888888888886,100.85,98.86,26.0658,1.491876,2.983752,,35.777777777777786,25.111111111111114,0.000254,,80.37361945711359
2023-09-08,26.611111111111114,24.777777777777775,100.67999999999999,98.69,11.263,1.234656,2.006316,,35.38888888888889,24.61111111111111,0.00508,,89.68601340760569
2023-09-11,26.611111111111114,25.111111111111114,100.38,98.39,23.1696,0.977436,0.977436,,34.111111111111114,24.388888888888893,0.003556,,91.48886188271594
2023-09-14,23.5,22.333333333333336,101.01,98.99,20.7561,0.617328,0.977436,,25.27777777777778,22.277777777777775,0.0048259999999999996,,93.17198014653768
2023-09-15,26.555555555555554,22.666666666666668,101.0,98.97999999999999,23.0087,1.3889880000000001,2.983752,,31.611111111111114,22.277777777777775,0.0,,79.2324212304366
2023-09-28,24.88888888888889,24.277777777777782,101.33,99.31,7.4014,1.234656,2.006316,,31.72222222222222,24.22222222222222,0.013716,,96.40750418345641
2023-09-29,27.055555555555557,24.444444444444446,101.21000000000001,99.2,9.654,0.977436,2.006316,,32.611111111111114,24.000000000000004,0.000508,,85.64371963198502
2023-10-02,27.16666666666667,23.722222222222225,100.97999999999999,98.99,13.6765,0.977436,0.977436,,34.888888888888886,24.777777777777775,0.0,,81.47267113290849
2023-10-06,25.833333333333336,22.277777777777775,101.03,99.03,14.1592,2.2120919999999997,4.012632,,34.72222222222222,22.277777777777775,0.01143,,80.75788272572679
2023-10-11,24.88888888888889,16.833333333333332,101.91,99.87,25.2613,1.749096,2.006316,,28.5,21.11111111111111,0.0,,60.892337141556204
2023-10-13,22.833333333333332,19.444444444444446,101.75,99.71000000000001,16.5727,1.234656,2.006316,,27.722222222222225,21.27777777777778,0.0,,81.2035814973403
2023-10-14,20.666666666666668,18.22222222222222,101.63,99.58,23.3305,1.234656,2.006316,,25.61111111111111,19.111111111111114,0.001778,,85.8881972933997
2023-10-23,25.111111111111114,18.77777777777778,101.66,99.62,18.1817,1.491876,2.006316,,29.388888888888893,18.388888888888886,0.0,,67.92293905260732
2023-10-24,24.61111111111111,20.555555555555557,101.64,99.61,16.250899999999998,0.977436,0.977436,,29.777777777777775,21.500000000000004,0.0,,78.15496256768063
2023-10-27,25.111111111111114,19.333333333333332,101.46000000000001,99.44,19.147100000000002,0.977436,0.977436,,31.27777777777778,23.22222222222222,0.0,,70.31950265587287
2023-10-30,23.388888888888886,18.722222222222225,101.91,99.86,20.7561,1.234656,2.006316,,29.000000000000004,18.88888888888889,0.0,,75.05809522495758
2023-10-31,20.444444444444443,18.277777777777782,102.01,99.96000000000001,11.4239,1.183212,2.006316,,29.777777777777775,17.611111111111114,0.0,,87.37841877784997
2023-11-01,22.44444444444445,17.38888888888889,101.67999999999999,99.63,12.872,0.977436,2.006316,,29.777777777777775,17.5,0.0,,73.08736414011541
2023-11-02,24.88888888888889,18.833333333333336,101.26,99.24,10.4585,1.594764,2.983752,,29.777777777777775,17.77777777777778,0.0,,69.06932683781034
2023-11-03,25.111111111111114,20.388888888888893,101.03,99.02000000000001,8.849499999999999,1.337544,2.006316,,30.222222222222225,18.5,0.0,,75.07819306423156
2023-11-04,25.833333333333336,21.833333333333332,101.0,99.0,10.619399999999999,1.594764,2.983752,,32.27777777777778,22.277777777777775,0.0,,78.59739225578156
2023-11-06,23.666666666666664,19.61111111111111,101.82000000000001,99.78999999999999,18.9862,0.977436,0.977436,,33.00000000000001,21.11111111111111,0.006858,,78.01759583907344
2023-11-07,19.94444444444445,17.5,101.65,99.59,11.263,1.749096,2.006316,,25.111111111111114,18.77777777777778,0.001016,,85.81615512071295
2023-11-11,24.722222222222225,22.38888888888889,101.58,99.57000000000001,10.297600000000001,1.749096,2.983752,,32.0,22.277777777777775,0.0,,86.86870474182355
2023-11-12,20.444444444444443,15.944444444444446,102.2,0.13999999999999999,26.2267,2.3149800000000003,2.983752,,32.0,14.222222222222223,0.000762,,75.37138273299593
2023-11-13,13.833333333333334,10.777777777777777,102.80999999999999,0.6799999999999999,22.0433,1.6462080000000001,2.006316,,24.388888888888893,13.388888888888891,0.0038099999999999996,,81.79785948688892
2023-11-15,15.388888888888891,14.27777777777778,102.60999999999999,0.5,10.297600000000001,1.749096,2.983752,,17.77777777777778,14.000000000000002,0.001778,,93.08692421965208
2023-11-16,18.055555555555557,10.777777777777777,103.19000000000001,1.08,29.927400000000002,1.594764,2.983752,,22.22222222222222,12.722222222222221,0.0,,62.44852060950734
2023-11-17,16.61111111111111,9.944444444444445,102.66,0.55,25.4222,1.491876,2.983752,,24.722222222222225,12.5,0.0,,64.71911951548289
2023-11-19,20.611111111111107,10.444444444444443,101.96000000000001,99.9,24.7786,0.977436,2.006316,,26.888888888888893,13.499999999999998,0.0,,52.089234552993894
2023-11-20,16.944444444444446,11.666666666666668,101.82000000000001,99.75,17.8599,1.183212,2.006316,,26.999999999999996,12.611111111111112,0.0,,71.05598885613428
2023-11-21,20.166666666666664,13.222222222222221,101.31,99.26,10.9412,1.491876,2.006316,,26.999999999999996,12.5,0.0,,64.31210190101373
2023-11-22,20.555555555555557,15.166666666666666,101.59,99.52000000000001,8.045,1.183212,2.006316,,26.38888888888889,13.88888888888889,0.0,,71.21490147455954
2023-11-24,19.61111111111111,15.833333333333334,101.9,99.84,7.2405,1.491876,2.983752,,27.222222222222225,15.388888888888891,0.0,,78.80309604559096
2023-11-29,20.0,14.777777777777779,101.75,99.67999999999999,5.7924,1.234656,2.006316,,26.611111111111114,12.888888888888891,0.0,,71.8809399511646
2023-11-30,20.0,16.055555555555557,102.24,0.16999999999999998,6.7578000000000005,1.491876,2.983752,,26.611111111111114,17.888888888888893,0.0,,78.02446231206068
2023-12-03,14.500000000000002,12.833333333333334,102.28999999999999,0.16999999999999998,10.9412,1.3889880000000001,2.006316,,16.500000000000004,13.388888888888891,0.002286,,89.7239455825788
2023-12-04,17.22222222222222,13.666666666666668,101.99,99.9,20.917,0.977436,0.977436,,19.777777777777775,13.499999999999998,0.001016,,79.59923942227296
2023-12-07,15.444444444444443,10.944444444444446,101.87,99.78,16.4118,1.3889880000000001,2.006316,,25.388888888888893,11.277777777777777,0.0,,74.53768107572579
2023-12-08,19.499999999999996,13.055555555555555,101.17,99.1,13.837399999999999,0.8231040000000001,0.977436,,25.72222222222222,11.500000000000002,0.0,,66.30233175261617
2023-12-10,24.333333333333332,18.722222222222225,100.9,98.87,11.5848,1.491876,2.006316,,31.111111111111114,16.61111111111111,0.0,,70.91019409236718
2023-12-11,23.277777777777782,19.777777777777775,101.28,99.25,8.3668,0.977436,2.006316,,31.111111111111114,17.27777777777778,0.0,,80.70195642620395
2023-12-16,12.333333333333336,3.3333333333333335,102.85999999999999,0.74,29.927400000000002,3.2409719999999997,4.012632,,13.611111111111112,10.777777777777777,0.0,,54.16034995624736
2023-12-18,8.88888888888889,7.444444444444444,102.60999999999999,0.45,13.0329,1.234656,2.006316,,12.11111111111111,7.888888888888891,0.000762,,90.65337627155965
2023-12-19,10.111111111111112,6.611111111111111,102.80999999999999,0.65,27.031200000000002,0.977436,0.977436,,12.000000000000002,8.0,0.0,,78.86664498766436
2023-12-21,10.444444444444443,2.9999999999999996,103.09,0.9199999999999999,21.238799999999998,1.749096,2.983752,,16.77777777777778,4.722222222222222,0.0,,59.947789800155284
2023-12-24,11.055555555555555,4.833333333333335,103.17999999999999,1.02,10.297600000000001,0.977436,0.977436,,18.22222222222222,7.222222222222222,0.0,,65.47447779681843
2023-12-27,14.944444444444445,7.888888888888891,102.31,0.18,8.688600000000001,1.491876,2.006316,,21.999999999999996,7.000000000000001,0.0,,62.67205974578762
2023-12-29,17.944444444444443,13.666666666666668,101.9,99.82000000000001,8.2059,1.337544,2.006316,,25.388888888888893,9.61111111111111,0.0,,76.05195387836984
